order_id,exception_type,severity,amount_affected,reason,amount_at_risk,evidence,likely_cause,recommended_action
de9330ec1dd0af0751b5c24b612917d0,SETTLEMENT_ANOMALY,LOW,19.38,Settlement amount is lower than the captured payment amount,19.38,Settlement anomaly detected; amount affected=₹19.38,Settlement amount is lower than the captured payment amount.,"Reconcile the settlement against payment, refunds, fees and other settlement adjustments."
bb1af69d9c3122c683d442d8af845410,REFUND_ORDER_MISMATCH,LOW,131.62,Merchant order is cancelled but customer refund is still pending,131.62,Refund/order state mismatch; amount affected=₹131.62,Merchant order indicates a refund condition but the refund is still pending.,Verify refund status and reconcile the merchant order with the refund record.
6a5560b5b974183928205724063cdfa6,SETTLEMENT_ANOMALY,LOW,41.75,Settlement amount is lower than the captured payment amount,41.75,Settlement anomaly detected; amount affected=₹41.75,Settlement amount is lower than the captured payment amount.,"Reconcile the settlement against payment, refunds, fees and other settlement adjustments."
e0f57f06590a2aee981778faa5b7c80c,PAYMENT_ORDER_MISMATCH,LOW,425.94,Payment is captured but merchant order is still marked UNPAID,425.94,Payment/order state mismatch; amount affected=₹425.94,Payment captured but merchant order state does not match.,Reconcile the merchant order state with the captured payment before requesting another payment.
5346a99f61d771b889336c4a2c14e0b9,PAYMENT_ORDER_MISMATCH,LOW,74.72,Payment is captured but merchant order is still marked UNPAID,74.72,Payment/order state mismatch; amount affected=₹74.72,Payment captured but merchant order state does not match.,Reconcile the merchant order state with the captured payment before requesting another payment.
0bcc4cc85c24f23e22013fd22f99728f,PAYMENT_ORDER_MISMATCH,LOW,195.0,Payment is captured but merchant order is still marked UNPAID,195.0,Payment/order state mismatch; amount affected=₹195.00,Payment captured but merchant order state does not match.,Reconcile the merchant order state with the captured payment before requesting another payment.
f489949dbe23cf9313deb342913ece0c,REFUND_ORDER_MISMATCH,HIGH,1436.46,Merchant order is cancelled but customer refund is still pending,1436.46,Refund/order state mismatch; amount affected=₹1436.46,Merchant order indicates a refund condition but the refund is still pending.,Verify refund status and reconcile the merchant order with the refund record.
5a911c89527605e73569727488b5468d,PAYMENT_ORDER_MISMATCH,LOW,120.22,Payment is captured but merchant order is still marked UNPAID,120.22,Payment/order state mismatch; amount affected=₹120.22,Payment captured but merchant order state does not match.,Reconcile the merchant order state with the captured payment before requesting another payment.
8bde999dc4ad8ff2e39ca01c02a81119,PAYMENT_ORDER_MISMATCH,LOW,55.11,Payment is captured but merchant order is still marked UNPAID,55.11,Payment/order state mismatch; amount affected=₹55.11,Payment captured but merchant order state does not match.,Reconcile the merchant order state with the captured payment before requesting another payment.
431edc9c63424518da8f273659cafa77,PAYMENT_ORDER_MISMATCH,LOW,122.92,Payment is captured but merchant order is still marked UNPAID,122.92,Payment/order state mismatch; amount affected=₹122.92,Payment captured but merchant order state does not match.,Reconcile the merchant order state with the captured payment before requesting another payment.
968daeb20a9a0e6c8433cad2c886756a,SETTLEMENT_ANOMALY,LOW,21.34,Settlement amount is lower than the captured payment amount,21.34,Settlement anomaly detected; amount affected=₹21.34,Settlement amount is lower than the captured payment amount.,"Reconcile the settlement against payment, refunds, fees and other settlement adjustments."
8048f4c2213c7ef433ffc4c00e017c14,WEBHOOK_FAILURE,LOW,26.35,Payment is captured but the webhook delivery failed,26.35,Webhook delivery failure; amount affected=₹26.35,Required webhook event was not successfully delivered to the merchant system.,Verify webhook delivery and replay or reconcile the missing event.
55e62ea5906d028721528c19cdd49bb0,WEBHOOK_FAILURE,LOW,24.28,Payment is captured but the webhook delivery failed,24.28,Webhook delivery failure; amount affected=₹24.28,Required webhook event was not successfully delivered to the merchant system.,Verify webhook delivery and replay or reconcile the missing event.
73840bb583b69b1d181d54f3f755a4e2,REFUND_ORDER_MISMATCH,LOW,203.08,Merchant order is cancelled but customer refund is still pending,203.08,Refund/order state mismatch; amount affected=₹203.08,Merchant order indicates a refund condition but the refund is still pending.,Verify refund status and reconcile the merchant order with the refund record.
1fab4ac9d85079b3da72a11475ae1685,REFUND_ORDER_MISMATCH,LOW,243.01,Merchant order is cancelled but customer refund is still pending,243.01,Refund/order state mismatch; amount affected=₹243.01,Merchant order indicates a refund condition but the refund is still pending.,Verify refund status and reconcile the merchant order with the refund record.
c00ec2c5d2f145b694e4f478c71c5711,PAYMENT_ORDER_MISMATCH,MEDIUM,704.32,Payment is captured but merchant order is still marked UNPAID,704.32,Payment/order state mismatch; amount affected=₹704.32,Payment captured but merchant order state does not match.,Reconcile the merchant order state with the captured payment before requesting another payment.
f5218a2401f92542f87b1de5bc3f92ff,SETTLEMENT_ANOMALY,LOW,16.66,Settlement amount is lower than the captured payment amount,16.66,Settlement anomaly detected; amount affected=₹16.66,Settlement amount is lower than the captured payment amount.,"Reconcile the settlement against payment, refunds, fees and other settlement adjustments."
fa4c59a94711decb9c0410a0e7f878bc,PAYMENT_ORDER_MISMATCH,LOW,32.67,Payment is captured but merchant order is still marked UNPAID,32.67,Payment/order state mismatch; amount affected=₹32.67,Payment captured but merchant order state does not match.,Reconcile the merchant order state with the captured payment before requesting another payment.
cd7d5eba4ca59e359249279469aa4f7a,PAYMENT_ORDER_MISMATCH,LOW,165.21,Payment is captured but merchant order is still marked UNPAID,165.21,Payment/order state mismatch; amount affected=₹165.21,Payment captured but merchant order state does not match.,Reconcile the merchant order state with the captured payment before requesting another payment.
94a4d00bea6790d3c810c6b2f56b4d65,WEBHOOK_FAILURE,LOW,134.19,Payment is captured but the webhook delivery failed,134.19,Webhook delivery failure; amount affected=₹134.19,Required webhook event was not successfully delivered to the merchant system.,Verify webhook delivery and replay or reconcile the missing event.
0945dadba69dad599e42c31e78450de4,WEBHOOK_FAILURE,HIGH,1260.76,Payment is captured but the webhook delivery failed,1260.76,Webhook delivery failure; amount affected=₹1260.76,Required webhook event was not successfully delivered to the merchant system.,Verify webhook delivery and replay or reconcile the missing event.
0901f97cdb91762c043d2330c81919a4,REFUND_ORDER_MISMATCH,LOW,410.61,Merchant order is cancelled but customer refund is still pending,410.61,Refund/order state mismatch; amount affected=₹410.61,Merchant order indicates a refund condition but the refund is still pending.,Verify refund status and reconcile the merchant order with the refund record.
9c3585240de3978338d7aa8c74ddfaa1,PAYMENT_ORDER_MISMATCH,LOW,347.06,Payment is captured but merchant order is still marked UNPAID,347.06,Payment/order state mismatch; amount affected=₹347.06,Payment captured but merchant order state does not match.,Reconcile the merchant order state with the captured payment before requesting another payment.
37f4b362697f5c9826aee9c479b32bda,PAYMENT_ORDER_MISMATCH,LOW,73.77,Payment is captured but merchant order is still marked UNPAID,73.77,Payment/order state mismatch; amount affected=₹73.77,Payment captured but merchant order state does not match.,Reconcile the merchant order state with the captured payment before requesting another payment.
12958a97a4e26a4e7dd8bce7de8955b9,SETTLEMENT_ANOMALY,LOW,16.23,Settlement amount is lower than the captured payment amount,16.23,Settlement anomaly detected; amount affected=₹16.23,Settlement amount is lower than the captured payment amount.,"Reconcile the settlement against payment, refunds, fees and other settlement adjustments."
6653d3fc131c01e7e7fa96daf4aea451,PAYMENT_ORDER_MISMATCH,LOW,185.94,Payment is captured but merchant order is still marked UNPAID,185.94,Payment/order state mismatch; amount affected=₹185.94,Payment captured but merchant order state does not match.,Reconcile the merchant order state with the captured payment before requesting another payment.
77f8ac5734b5b2f8c1572102f854d329,REFUND_ORDER_MISMATCH,LOW,134.27,Merchant order is cancelled but customer refund is still pending,134.27,Refund/order state mismatch; amount affected=₹134.27,Merchant order indicates a refund condition but the refund is still pending.,Verify refund status and reconcile the merchant order with the refund record.
b41f51ebf23530b00f69e5602f81a653,SETTLEMENT_ANOMALY,LOW,58.5,Settlement amount is lower than the captured payment amount,58.5,Settlement anomaly detected; amount affected=₹58.50,Settlement amount is lower than the captured payment amount.,"Reconcile the settlement against payment, refunds, fees and other settlement adjustments."
b2b345cd2633deaf2b69c3b5c5585afa,REFUND_ORDER_MISMATCH,LOW,61.29,Merchant order is cancelled but customer refund is still pending,61.29,Refund/order state mismatch; amount affected=₹61.29,Merchant order indicates a refund condition but the refund is still pending.,Verify refund status and reconcile the merchant order with the refund record.
ff7f5fd520c590ecb28347614bf26ae2,SETTLEMENT_ANOMALY,LOW,51.97,Settlement amount is lower than the captured payment amount,51.97,Settlement anomaly detected; amount affected=₹51.97,Settlement amount is lower than the captured payment amount.,"Reconcile the settlement against payment, refunds, fees and other settlement adjustments."
2efe2442effe17b5a17637c88ac2d0d8,SETTLEMENT_ANOMALY,LOW,76.77,Settlement amount is lower than the captured payment amount,76.77,Settlement anomaly detected; amount affected=₹76.77,Settlement amount is lower than the captured payment amount.,"Reconcile the settlement against payment, refunds, fees and other settlement adjustments."
7d4101163410b1380268da3933e691f1,SETTLEMENT_ANOMALY,LOW,64.18,Settlement amount is lower than the captured payment amount,64.18,Settlement anomaly detected; amount affected=₹64.18,Settlement amount is lower than the captured payment amount.,"Reconcile the settlement against payment, refunds, fees and other settlement adjustments."
d2b78e9e69a191c9f98ea4fec8e920ef,PAYMENT_ORDER_MISMATCH,LOW,45.86,Payment is captured but merchant order is still marked UNPAID,45.86,Payment/order state mismatch; amount affected=₹45.86,Payment captured but merchant order state does not match.,Reconcile the merchant order state with the captured payment before requesting another payment.
1e24c66f40e16d38609ed026af8b4c94,SETTLEMENT_ANOMALY,LOW,27.95,Settlement amount is lower than the captured payment amount,27.95,Settlement anomaly detected; amount affected=₹27.95,Settlement amount is lower than the captured payment amount.,"Reconcile the settlement against payment, refunds, fees and other settlement adjustments."
393e5ad5d9b558b7a0fd2cfc53f7f1d9,SETTLEMENT_ANOMALY,LOW,65.05,Settlement amount is lower than the captured payment amount,65.05,Settlement anomaly detected; amount affected=₹65.05,Settlement amount is lower than the captured payment amount.,"Reconcile the settlement against payment, refunds, fees and other settlement adjustments."
0b0bf8f9977e22517521efeefa4b7a27,PAYMENT_ORDER_MISMATCH,LOW,167.51,Payment is captured but merchant order is still marked UNPAID,167.51,Payment/order state mismatch; amount affected=₹167.51,Payment captured but merchant order state does not match.,Reconcile the merchant order state with the captured payment before requesting another payment.
31a8fcbeaa65f2a7dec1abee188ffcc9,SETTLEMENT_ANOMALY,LOW,56.62,Settlement amount is lower than the captured payment amount,56.62,Settlement anomaly detected; amount affected=₹56.62,Settlement amount is lower than the captured payment amount.,"Reconcile the settlement against payment, refunds, fees and other settlement adjustments."
4ee4b8462b9a39ac1fa86e28bcc22ad3,WEBHOOK_FAILURE,LOW,71.61,Payment is captured but the webhook delivery failed,71.61,Webhook delivery failure; amount affected=₹71.61,Required webhook event was not successfully delivered to the merchant system.,Verify webhook delivery and replay or reconcile the missing event.
ad01d61ec53a43d200f359c11347316f,PAYMENT_ORDER_MISMATCH,LOW,40.21,Payment is captured but merchant order is still marked UNPAID,40.21,Payment/order state mismatch; amount affected=₹40.21,Payment captured but merchant order state does not match.,Reconcile the merchant order state with the captured payment before requesting another payment.
36b036769c93a2e59324ac996fb51e2b,PAYMENT_ORDER_MISMATCH,LOW,54.49,Payment is captured but merchant order is still marked UNPAID,54.49,Payment/order state mismatch; amount affected=₹54.49,Payment captured but merchant order state does not match.,Reconcile the merchant order state with the captured payment before requesting another payment.
fe00e26eb05c951aad5cbc6b7f602edb,REFUND_ORDER_MISMATCH,LOW,138.28,Merchant order is cancelled but customer refund is still pending,138.28,Refund/order state mismatch; amount affected=₹138.28,Merchant order indicates a refund condition but the refund is still pending.,Verify refund status and reconcile the merchant order with the refund record.
67642a6b87ab5c8cdfffd5b81da8a501,PAYMENT_ORDER_MISMATCH,LOW,115.45,Payment is captured but merchant order is still marked UNPAID,115.45,Payment/order state mismatch; amount affected=₹115.45,Payment captured but merchant order state does not match.,Reconcile the merchant order state with the captured payment before requesting another payment.
e28f56dc0353b7bf8f78f05ac639ba21,SETTLEMENT_ANOMALY,LOW,20.83,Settlement amount is lower than the captured payment amount,20.83,Settlement anomaly detected; amount affected=₹20.83,Settlement amount is lower than the captured payment amount.,"Reconcile the settlement against payment, refunds, fees and other settlement adjustments."
a92a63c8deffa6b4843c8e30e10abbfc,REFUND_ORDER_MISMATCH,LOW,186.62,Merchant order is cancelled but customer refund is still pending,186.62,Refund/order state mismatch; amount affected=₹186.62,Merchant order indicates a refund condition but the refund is still pending.,Verify refund status and reconcile the merchant order with the refund record.
78d197a2bfdde2a4c64cf3e58ab2b7a3,PAYMENT_ORDER_MISMATCH,LOW,125.8,Payment is captured but merchant order is still marked UNPAID,125.8,Payment/order state mismatch; amount affected=₹125.80,Payment captured but merchant order state does not match.,Reconcile the merchant order state with the captured payment before requesting another payment.
db84f5852687abdb7f384d5ea4b638c9,PAYMENT_ORDER_MISMATCH,LOW,179.56,Payment is captured but merchant order is still marked UNPAID,179.56,Payment/order state mismatch; amount affected=₹179.56,Payment captured but merchant order state does not match.,Reconcile the merchant order state with the captured payment before requesting another payment.
c88935c0144ef18368420018e18f177a,REFUND_ORDER_MISMATCH,LOW,48.11,Merchant order is cancelled but customer refund is still pending,48.11,Refund/order state mismatch; amount affected=₹48.11,Merchant order indicates a refund condition but the refund is still pending.,Verify refund status and reconcile the merchant order with the refund record.
770d331c84e5b214bd9dc70a10b829d0,SETTLEMENT_ANOMALY,LOW,79.18,Settlement amount is lower than the captured payment amount,79.18,Settlement anomaly detected; amount affected=₹79.18,Settlement amount is lower than the captured payment amount.,"Reconcile the settlement against payment, refunds, fees and other settlement adjustments."
a7b3d17383515918f57cc831f29bc8dd,SETTLEMENT_ANOMALY,LOW,13.45,Settlement amount is lower than the captured payment amount,13.45,Settlement anomaly detected; amount affected=₹13.45,Settlement amount is lower than the captured payment amount.,"Reconcile the settlement against payment, refunds, fees and other settlement adjustments."
5f5d82c66499b9a72f7e8071477aee00,PAYMENT_ORDER_MISMATCH,LOW,21.77,Payment is captured but merchant order is still marked UNPAID,21.77,Payment/order state mismatch; amount affected=₹21.77,Payment captured but merchant order state does not match.,Reconcile the merchant order state with the captured payment before requesting another payment.
